{"_runtime":2.5674503,"_step":0,"_wandb":{"runtime":16},"train/loss":10.351759910583496,"global_step":0,"_timestamp":1.7309165442016773e+09}