{"_wandb":{"runtime":44},"_runtime":2.7691072,"_step":1,"train/loss":5.124404430389404,"global_step":21034,"_timestamp":1.73093106776923e+09,"train/ln_rate":0.0006095893083131801}