{"_wandb":{"runtime":44},"train/loss":10.276267051696777,"global_step":0,"_timestamp":1.7309250268507433e+09,"_runtime":3.1851204,"_step":0}