{"_step":21,"train/loss":8.858376502990723,"global_step":21,"_wandb":{"runtime":8},"_timestamp":1.7308740129395936e+09,"_runtime":8.325732}