{"global_step":1,"train/ln_rate":6.176323555016366e-08,"_wandb":{"runtime":18},"_timestamp":1.7309183384560611e+09,"_runtime":4.9562217,"_step":1,"train/loss":10.336180686950684}