{"train/loss":10.344209671020508,"global_step":1,"_timestamp":1.7309184139243236e+09,"_runtime":1.6579736999999999,"train/ln_rate":6.176323555016366e-08,"_wandb":{"runtime":448},"_step":1}