{"validation_greedy/cer":0.8854625821113586,"_wandb":{"runtime":2397},"train/ln_rate":0.0006030700594279007,"validation_greedy/wer":1.0833333730697632,"_step":42991,"validation_beam/BLEU":1.132158637046814,"validation_greedy/BLEU":0,"train/loss":5.077236652374268,"_timestamp":1.730928213360599e+09,"validation_beam/cer":1.132158637046814,"global_step":21493,"validation_beam/wer":1.132158637046814,"_runtime":2354.6867541}