{"_wandb":{"runtime":135},"_step":0,"train/loss":10.328265190124512,"global_step":0,"_timestamp":1.7309167763318038e+09,"_runtime":34.156975}